,mean_fit_time,std_fit_time,mean_score_time,std_score_time,param_max_depth,param_n_estimators,param_subsample,params,split0_test_score,split1_test_score,split2_test_score,split3_test_score,split4_test_score,mean_test_score,std_test_score,rank_test_score
0,0.010771751403808594,0.00039899370226528265,0.0032567977905273438,0.00038783051275991345,4,10,0.1,"{'max_depth': 4, 'n_estimators': 10, 'subsample': 0.1}",0.7314814814814815,0.7592592592592593,0.822429906542056,0.8411214953271028,0.7289719626168224,0.7766528210453444,0.04662231588049145,74
1,0.01077442169189453,0.00040026164944165525,0.003191709518432617,0.0003989936167850989,4,10,0.2,"{'max_depth': 4, 'n_estimators': 10, 'subsample': 0.2}",0.75,0.7685185185185185,0.8504672897196262,0.7850467289719626,0.719626168224299,0.7747317410868814,0.04365583492308478,93
2,0.010970783233642579,4.1019083342755444e-07,0.0035900592803955076,0.0004884803587669786,4,10,0.3,"{'max_depth': 4, 'n_estimators': 10, 'subsample': 0.3}",0.7222222222222222,0.8055555555555556,0.8037383177570093,0.8037383177570093,0.719626168224299,0.770976116303219,0.04088085288487105,120
3,0.011569499969482422,0.0004890061656047995,0.0033903598785400392,0.00048818858392396183,4,10,0.4,"{'max_depth': 4, 'n_estimators': 10, 'subsample': 0.4}",0.7314814814814815,0.7962962962962963,0.8130841121495327,0.794392523364486,0.719626168224299,0.770976116303219,0.037839572661815646,120
4,0.01156926155090332,0.0004887139137589383,0.0033908367156982424,0.0004885776558898482,4,10,0.5,"{'max_depth': 4, 'n_estimators': 10, 'subsample': 0.5}",0.7222222222222222,0.7870370370370371,0.8037383177570093,0.8411214953271028,0.7570093457943925,0.7822256836275528,0.04047453090254347,28
5,0.012366962432861329,0.002326029387035423,0.0033908367156982424,0.000488577935117039,4,10,0.6,"{'max_depth': 4, 'n_estimators': 10, 'subsample': 0.6}",0.7222222222222222,0.7777777777777778,0.822429906542056,0.8037383177570093,0.7383177570093458,0.7728971962616822,0.03792670523958074,102
6,0.015068817138671874,0.00047521798839417797,0.0034785747528076174,0.00044668702645934657,4,20,0.1,"{'max_depth': 4, 'n_estimators': 20, 'subsample': 0.1}",0.75,0.8148148148148148,0.822429906542056,0.8411214953271028,0.719626168224299,0.7895984769816545,0.04654578660248935,2
7,0.015359640121459961,0.0004890063515931556,0.0035895347595214845,0.0004884417044859074,4,20,0.2,"{'max_depth': 4, 'n_estimators': 20, 'subsample': 0.2}",0.7685185185185185,0.7777777777777778,0.8130841121495327,0.822429906542056,0.7476635514018691,0.7858947732779509,0.0279410890355131,13
8,0.016058826446533205,0.00020270395267657547,0.0035902023315429687,0.0004885971595254055,4,20,0.3,"{'max_depth': 4, 'n_estimators': 20, 'subsample': 0.3}",0.7222222222222222,0.8333333333333334,0.822429906542056,0.822429906542056,0.7289719626168224,0.785877466251298,0.04942559567515839,14
9,0.01625790596008301,0.000595898506878308,0.0035904407501220702,0.0004884997731965918,4,20,0.4,"{'max_depth': 4, 'n_estimators': 20, 'subsample': 0.4}",0.75,0.8148148148148148,0.822429906542056,0.7757009345794392,0.7383177570093458,0.7802526825891312,0.03366879980493933,56
10,0.01655569076538086,0.0004885388231408646,0.003390979766845703,0.0004884608783971154,4,20,0.5,"{'max_depth': 4, 'n_estimators': 20, 'subsample': 0.5}",0.7314814814814815,0.7777777777777778,0.822429906542056,0.8411214953271028,0.719626168224299,0.7784873658705435,0.04801807643847903,60
11,0.01655545234680176,0.000488636201686934,0.0035906314849853517,0.0004884608551226126,4,20,0.6,"{'max_depth': 4, 'n_estimators': 20, 'subsample': 0.6}",0.7222222222222222,0.8148148148148148,0.8130841121495327,0.822429906542056,0.7383177570093458,0.7821737625475943,0.04279948958593762,30
12,0.019747304916381835,0.00039889819238283776,0.003390979766845703,0.0004886555540883141,4,30,0.1,"{'max_depth': 4, 'n_estimators': 30, 'subsample': 0.1}",0.7870370370370371,0.8055555555555556,0.8130841121495327,0.8130841121495327,0.7009345794392523,0.783939079266182,0.04258047032286283,27
13,0.01934819221496582,0.0004885777024277244,0.003789854049682617,0.0003988505656823479,4,30,0.2,"{'max_depth': 4, 'n_estimators': 30, 'subsample': 0.2}",0.7777777777777778,0.7777777777777778,0.794392523364486,0.7850467289719626,0.719626168224299,0.7709241952232606,0.026365276963752196,131
14,0.021143770217895506,0.0009773110616461676,0.003590250015258789,0.0004885388231408646,4,30,0.3,"{'max_depth': 4, 'n_estimators': 30, 'subsample': 0.3}",0.7314814814814815,0.8055555555555556,0.822429906542056,0.794392523364486,0.7289719626168224,0.7765662859120803,0.038883115600324196,82
15,0.02034621238708496,0.0004891616829672241,0.0029912948608398437,6.675720214843751e-07,4,30,0.4,"{'max_depth': 4, 'n_estimators': 30, 'subsample': 0.4}",0.7407407407407407,0.8333333333333334,0.794392523364486,0.7850467289719626,0.7289719626168224,0.776497057805469,0.03784403694964835,85
16,0.020947360992431642,7.691133557760601e-06,0.0035907268524169923,0.0004885387533284932,4,30,0.5,"{'max_depth': 4, 'n_estimators': 30, 'subsample': 0.5}",0.7314814814814815,0.7685185185185185,0.8130841121495327,0.8130841121495327,0.7289719626168224,0.7710280373831775,0.037084681589243315,113
17,0.020544910430908205,0.0004885388464116528,0.003496694564819336,0.00044579414878031663,4,30,0.6,"{'max_depth': 4, 'n_estimators': 30, 'subsample': 0.6}",0.75,0.7777777777777778,0.794392523364486,0.8037383177570093,0.7289719626168224,0.770976116303219,0.02782911764554811,120
18,0.022739219665527343,0.0003988983918842846,0.0035904884338378907,0.0004885387533284932,4,40,0.1,"{'max_depth': 4, 'n_estimators': 40, 'subsample': 0.1}",0.7592592592592593,0.8240740740740741,0.822429906542056,0.8037383177570093,0.7102803738317757,0.7839563862928349,0.04363271328168405,26
19,0.02364211082458496,0.0003960085201955859,0.00368499755859375,0.00040163026053254117,4,40,0.2,"{'max_depth': 4, 'n_estimators': 40, 'subsample': 0.2}",0.75,0.8240740740740741,0.794392523364486,0.7850467289719626,0.7102803738317757,0.7727587400484597,0.039175975424253905,111
20,0.024933767318725587,0.0006307517937330847,0.0032889842987060547,0.00039806344832417936,4,40,0.3,"{'max_depth': 4, 'n_estimators': 40, 'subsample': 0.3}",0.7314814814814815,0.7962962962962963,0.822429906542056,0.822429906542056,0.7570093457943925,0.7859293873312565,0.03625739058654171,11
21,0.02533302307128906,0.0010173642169299924,0.003789043426513672,0.0003991607411503414,4,40,0.4,"{'max_depth': 4, 'n_estimators': 40, 'subsample': 0.4}",0.7407407407407407,0.8148148148148148,0.8130841121495327,0.7663551401869159,0.7570093457943925,0.7784008307372792,0.030165824747103546,73
22,0.026329898834228517,0.0007979155067661314,0.0029916763305664062,0.0,4,40,0.5,"{'max_depth': 4, 'n_estimators': 40, 'subsample': 0.5}",0.7129629629629629,0.8055555555555556,0.8037383177570093,0.8130841121495327,0.7570093457943925,0.7784700588438905,0.03826743665888741,63
23,0.025730991363525392,0.0003989458475937594,0.003989505767822266,3.5040231839893024e-07,4,40,0.6,"{'max_depth': 4, 'n_estimators': 40, 'subsample': 0.6}",0.7037037037037037,0.7870370370370371,0.7850467289719626,0.794392523364486,0.7570093457943925,0.7654378677743164,0.03338128405833705,157
24,0.026928091049194337,0.0006308264844599353,0.0033908843994140624,0.0004883442173158427,4,50,0.1,"{'max_depth': 4, 'n_estimators': 50, 'subsample': 0.1}",0.8055555555555556,0.7962962962962963,0.8037383177570093,0.822429906542056,0.6822429906542056,0.7820526133610246,0.050631664321873875,48
25,0.02892313003540039,0.0006307513106891285,0.0037894248962402344,0.00039875528381182456,4,50,0.2,"{'max_depth': 4, 'n_estimators': 50, 'subsample': 0.2}",0.7407407407407407,0.7407407407407407,0.8130841121495327,0.7570093457943925,0.7102803738317757,0.7523710626514364,0.03391089179210376,198
26,0.030212783813476564,0.0006149306227771666,0.003500223159790039,0.0004466772174911559,4,50,0.3,"{'max_depth': 4, 'n_estimators': 50, 'subsample': 0.3}",0.7222222222222222,0.8055555555555556,0.822429906542056,0.7757009345794392,0.7289719626168224,0.770976116303219,0.04001710927006863,120
27,0.030319404602050782,0.0004884610413186034,0.003789329528808594,0.00039882688417429066,4,50,0.4,"{'max_depth': 4, 'n_estimators': 50, 'subsample': 0.4}",0.75,0.7962962962962963,0.7850467289719626,0.7850467289719626,0.7476635514018691,0.7728106611284182,0.020018597156129306,109
28,0.031992101669311525,0.0026763885015414803,0.003789854049682617,0.00039896966451610907,4,50,0.5,"{'max_depth': 4, 'n_estimators': 50, 'subsample': 0.5}",0.6944444444444444,0.7870370370370371,0.794392523364486,0.794392523364486,0.7476635514018691,0.7635860159224646,0.038683624379643004,168
29,0.03141770362854004,0.001840725870361573,0.003191375732421875,0.00039904138595599225,4,50,0.6,"{'max_depth': 4, 'n_estimators': 50, 'subsample': 0.6}",0.7222222222222222,0.7870370370370371,0.8037383177570093,0.794392523364486,0.7383177570093458,0.7691415714780201,0.03257706550573925,139
30,0.011671876907348633,0.0006015832203185954,0.0034946918487548826,0.0004476693774304935,5,10,0.1,"{'max_depth': 5, 'n_estimators': 10, 'subsample': 0.1}",0.7314814814814815,0.7592592592592593,0.822429906542056,0.8411214953271028,0.7289719626168224,0.7766528210453444,0.04662231588049145,74
31,0.011968231201171875,4.90933901833868e-07,0.00359039306640625,0.0004886555540883141,5,10,0.2,"{'max_depth': 5, 'n_estimators': 10, 'subsample': 0.2}",0.7685185185185185,0.7870370370370371,0.8317757009345794,0.794392523364486,0.7289719626168224,0.7821391484942886,0.03361604694520282,40
32,0.012056493759155273,0.0005025752263581192,0.003391122817993164,0.0004884414019054081,5,10,0.3,"{'max_depth': 5, 'n_estimators': 10, 'subsample': 0.3}",0.7129629629629629,0.7592592592592593,0.8037383177570093,0.8130841121495327,0.7570093457943925,0.7692107995846313,0.03613514859696074,132
33,0.012167978286743163,0.00039896977849652565,0.003191041946411133,0.00039908889872717533,5,10,0.4,"{'max_depth': 5, 'n_estimators': 10, 'subsample': 0.4}",0.7592592592592593,0.8055555555555556,0.822429906542056,0.794392523364486,0.7383177570093458,0.7839910003461406,0.030817123182120907,24
34,0.012830257415771484,0.000686140454171416,0.0035901546478271486,0.0004886556471492247,5,10,0.5,"{'max_depth': 5, 'n_estimators': 10, 'subsample': 0.5}",0.7407407407407407,0.7870370370370371,0.8317757009345794,0.7850467289719626,0.7570093457943925,0.7803219106957424,0.0310646231483708,50
35,0.012567520141601562,0.0004890090251679579,0.003589439392089844,0.00048778281718728434,5,10,0.6,"{'max_depth': 5, 'n_estimators': 10, 'subsample': 0.6}",0.7129629629629629,0.8055555555555556,0.822429906542056,0.7850467289719626,0.7289719626168224,0.770993423329872,0.04282776127594512,115
36,0.015558385848999023,0.0004886360620900065,0.003390979766845703,0.000488558691336333,5,20,0.1,"{'max_depth': 5, 'n_estimators': 20, 'subsample': 0.1}",0.75,0.8148148148148148,0.822429906542056,0.8411214953271028,0.719626168224299,0.7895984769816545,0.04654578660248935,2
37,0.018194055557250975,0.0029555249739529597,0.0038976192474365233,0.0004975177875499268,5,20,0.2,"{'max_depth': 5, 'n_estimators': 20, 'subsample': 0.2}",0.7685185185185185,0.7870370370370371,0.7850467289719626,0.8130841121495327,0.7289719626168224,0.7765316718587746,0.02773116065372104,84
38,0.01655573844909668,0.0004887723315884706,0.003789949417114258,0.00039901736247607795,5,20,0.3,"{'max_depth': 5, 'n_estimators': 20, 'subsample': 0.3}",0.7314814814814815,0.8148148148148148,0.8130841121495327,0.8130841121495327,0.7663551401869159,0.7877639321564555,0.033585782438215965,10
39,0.017752408981323242,0.00039911278687069433,0.0033955097198486326,0.0004851225434831836,5,20,0.4,"{'max_depth': 5, 'n_estimators': 20, 'subsample': 0.4}",0.7407407407407407,0.8240740740740741,0.8130841121495327,0.8037383177570093,0.7476635514018691,0.7858601592246452,0.034686649382656996,15
40,0.01735367774963379,0.0010163634487271673,0.0037894248962402344,0.00039887486712589096,5,20,0.5,"{'max_depth': 5, 'n_estimators': 20, 'subsample': 0.5}",0.7222222222222222,0.7777777777777778,0.8130841121495327,0.7757009345794392,0.7476635514018691,0.7672897196261682,0.030640300549403303,148
41,0.017552995681762697,0.0004884414251808379,0.00359039306640625,0.0004887529791588312,5,20,0.6,"{'max_depth': 5, 'n_estimators': 20, 'subsample': 0.6}",0.6851851851851852,0.7870370370370371,0.794392523364486,0.822429906542056,0.7570093457943925,0.7692107995846313,0.04688997046145369,132
42,0.01954798698425293,0.000797772640884218,0.0037188053131103514,0.0003887522778423231,5,30,0.1,"{'max_depth': 5, 'n_estimators': 30, 'subsample': 0.1}",0.7870370370370371,0.8055555555555556,0.8130841121495327,0.8037383177570093,0.7009345794392523,0.7820699203876773,0.041450187920106255,42
43,0.021143484115600585,0.0003989697215063214,0.0035905838012695312,0.00048822741658759806,5,30,0.2,"{'max_depth': 5, 'n_estimators': 30, 'subsample': 0.2}",0.7592592592592593,0.7685185185185185,0.8037383177570093,0.7663551401869159,0.7289719626168224,0.765368639667705,0.023854432485588037,163
44,0.021843814849853517,0.00019653053894591775,0.00327606201171875,0.00039280881335055685,5,30,0.3,"{'max_depth': 5, 'n_estimators': 30, 'subsample': 0.3}",0.75,0.7870370370370371,0.8037383177570093,0.8130841121495327,0.719626168224299,0.7746971270335756,0.03496278979631545,94
45,0.023746681213378907,0.0013172085340957644,0.0033905506134033203,0.0004884219991213904,5,30,0.4,"{'max_depth': 5, 'n_estimators': 30, 'subsample': 0.4}",0.7592592592592593,0.8148148148148148,0.7850467289719626,0.8317757009345794,0.7289719626168224,0.7839736933194876,0.03707654715272227,25
46,0.02353701591491699,0.003252996187035549,0.0033913612365722655,0.0004887333980000079,5,30,0.5,"{'max_depth': 5, 'n_estimators': 30, 'subsample': 0.5}",0.7129629629629629,0.7592592592592593,0.794392523364486,0.8037383177570093,0.7102803738317757,0.7561266874350987,0.03925798295592703,190
47,0.022451400756835938,0.00044674903634686386,0.003789997100830078,0.0003990412435060334,5,30,0.6,"{'max_depth': 5, 'n_estimators': 30, 'subsample': 0.6}",0.7129629629629629,0.7592592592592593,0.8037383177570093,0.7850467289719626,0.7476635514018691,0.7617341640706127,0.03127478844491826,176
48,0.02282681465148926,0.00022311243753068264,0.0037020206451416015,0.0003934762052512217,5,40,0.1,"{'max_depth': 5, 'n_estimators': 40, 'subsample': 0.1}",0.7592592592592593,0.8240740740740741,0.822429906542056,0.8130841121495327,0.7102803738317757,0.7858255451713396,0.044628912530269925,16
49,0.025332069396972655,0.00048785849333905584,0.0037897586822509765,0.0003989221660422917,5,40,0.2,"{'max_depth': 5, 'n_estimators': 40, 'subsample': 0.2}",0.7685185185185185,0.7685185185185185,0.8130841121495327,0.794392523364486,0.7102803738317757,0.7709588092765662,0.034691389894579795,128
50,0.026130008697509765,0.00039908889872717533,0.003989171981811523,9.536743164062499e-08,5,40,0.3,"{'max_depth': 5, 'n_estimators': 40, 'subsample': 0.3}",0.7222222222222222,0.8148148148148148,0.822429906542056,0.794392523364486,0.7383177570093458,0.7784354447905849,0.040701240396843946,70
51,0.027086496353149414,0.00042681914842392614,0.0036313533782958984,0.00044292474222180683,5,40,0.4,"{'max_depth': 5, 'n_estimators': 40, 'subsample': 0.4}",0.7407407407407407,0.8333333333333334,0.8037383177570093,0.7570093457943925,0.7289719626168224,0.7727587400484597,0.039546158254664406,111
52,0.027925777435302734,0.0010921011375802808,0.003988981246948242,6.572746635480032e-07,5,40,0.5,"{'max_depth': 5, 'n_estimators': 40, 'subsample': 0.5}",0.7037037037037037,0.7777777777777778,0.7850467289719626,0.822429906542056,0.7289719626168224,0.7635860159224646,0.04221041524389983,168
53,0.028523969650268554,0.0011965990767214515,0.003789663314819336,0.00039875519828053163,5,40,0.6,"{'max_depth': 5, 'n_estimators': 40, 'subsample': 0.6}",0.6944444444444444,0.8055555555555556,0.8037383177570093,0.8317757009345794,0.7570093457943925,0.7785046728971962,0.048444732651656816,59
54,0.027237081527709962,0.0007548952348288906,0.0035903453826904297,0.0004886166670358715,5,50,0.1,"{'max_depth': 5, 'n_estimators': 50, 'subsample': 0.1}",0.8055555555555556,0.7962962962962963,0.8037383177570093,0.794392523364486,0.6822429906542056,0.7764451367255105,0.047291766224559544,86
55,0.03011937141418457,0.00039889816388262293,0.003789806365966797,0.0003989458760905677,5,50,0.2,"{'max_depth': 5, 'n_estimators': 50, 'subsample': 0.2}",0.75,0.7870370370370371,0.822429906542056,0.794392523364486,0.7383177570093458,0.778435444790585,0.030601084307393174,69
56,0.03201589584350586,0.00048689822377305546,0.003989267349243164,2.3360154559928687e-07,5,50,0.3,"{'max_depth': 5, 'n_estimators': 50, 'subsample': 0.3}",0.7129629629629629,0.7685185185185185,0.8130841121495327,0.719626168224299,0.7383177570093458,0.7505019037729318,0.03674797346070459,202
57,0.03183236122131348,0.0005106978411721297,0.0036726951599121093,0.0004089683225560265,5,50,0.4,"{'max_depth': 5, 'n_estimators': 50, 'subsample': 0.4}",0.75,0.8518518518518519,0.7850467289719626,0.7476635514018691,0.7383177570093458,0.7745759778470058,0.04177107442943636,100
58,0.03430848121643067,0.0004886751197548962,0.0037897586822509765,0.00039868361926252103,5,50,0.5,"{'max_depth': 5, 'n_estimators': 50, 'subsample': 0.5}",0.7037037037037037,0.7870370370370371,0.8037383177570093,0.8130841121495327,0.7383177570093458,0.7691761855313257,0.04166616254928931,136
59,0.03297781944274902,0.0006442375655868333,0.0033910274505615234,0.00048822739330196585,5,50,0.6,"{'max_depth': 5, 'n_estimators': 50, 'subsample': 0.6}",0.7129629629629629,0.7777777777777778,0.7850467289719626,0.8037383177570093,0.7476635514018691,0.7654378677743163,0.031853562572206263,159
60,0.010970735549926757,1.1680077279964342e-07,0.003191375732421875,0.00039892199505124864,6,10,0.1,"{'max_depth': 6, 'n_estimators': 10, 'subsample': 0.1}",0.7314814814814815,0.7592592592592593,0.822429906542056,0.8411214953271028,0.7289719626168224,0.7766528210453444,0.04662231588049145,74
61,0.011968660354614257,4.6231077741778654e-07,0.002991390228271484,5.917393515582492e-07,6,10,0.2,"{'max_depth': 6, 'n_estimators': 10, 'subsample': 0.2}",0.7685185185185185,0.7870370370370371,0.8317757009345794,0.794392523364486,0.7383177570093458,0.7840083073727933,0.030745045077516193,23
62,0.011967754364013672,2.4314019744838644e-07,0.0031913280487060546,0.0003990650889209379,6,10,0.3,"{'max_depth': 6, 'n_estimators': 10, 'subsample': 0.3}",0.7222222222222222,0.7870370370370371,0.8130841121495327,0.794392523364486,0.7383177570093458,0.7710107303565248,0.03470697116671361,114
63,0.011967992782592774,3.568322550558034e-07,0.0035904884338378907,0.0004887333980000079,6,10,0.4,"{'max_depth': 6, 'n_estimators': 10, 'subsample': 0.4}",0.7592592592592593,0.8148148148148148,0.794392523364486,0.8037383177570093,0.7383177570093458,0.7821045344409829,0.028733834308911892,41
64,0.011968040466308593,4.90933901833868e-07,0.003391075134277344,0.0004886751895477862,6,10,0.5,"{'max_depth': 6, 'n_estimators': 10, 'subsample': 0.5}",0.7407407407407407,0.7870370370370371,0.8317757009345794,0.8130841121495327,0.7476635514018691,0.7840602284527518,0.03557895345378533,22
65,0.01296539306640625,2.78041453115716e-07,0.0033910274505615234,0.0004886166437687896,6,10,0.6,"{'max_depth': 6, 'n_estimators': 10, 'subsample': 0.6}",0.7129629629629629,0.7777777777777778,0.794392523364486,0.7850467289719626,0.7383177570093458,0.761699550017307,0.030965767684042474,177
66,0.014960718154907227,7.599533772711385e-07,0.0035896778106689455,0.00048797445512429043,6,20,0.1,"{'max_depth': 6, 'n_estimators': 20, 'subsample': 0.1}",0.75,0.8148148148148148,0.822429906542056,0.8411214953271028,0.719626168224299,0.7895984769816545,0.04654578660248935,2
67,0.016955041885375978,0.0006307513467371978,0.0034912586212158202,0.0004460634256585533,6,20,0.2,"{'max_depth': 6, 'n_estimators': 20, 'subsample': 0.2}",0.7407407407407407,0.7870370370370371,0.8037383177570093,0.8037383177570093,0.7570093457943925,0.7784527518172377,0.025433934354788173,64
68,0.018558597564697264,0.0007919799341996544,0.002992105484008789,2.7804145311571603e-07,6,20,0.3,"{'max_depth': 6, 'n_estimators': 20, 'subsample': 0.3}",0.7037037037037037,0.8240740740740741,0.822429906542056,0.8130841121495327,0.7289719626168224,0.7784527518172377,0.051478918004156486,64
69,0.017553329467773438,0.0007978083034660619,0.0035902023315429687,0.0004887918739736174,6,20,0.4,"{'max_depth': 6, 'n_estimators': 20, 'subsample': 0.4}",0.75,0.8333333333333334,0.7850467289719626,0.8037383177570093,0.7289719626168224,0.7802180685358255,0.03724793813740842,58
70,0.01795306205749512,1.336845948112124e-06,0.003589439392089844,0.0004895332376891924,6,20,0.5,"{'max_depth': 6, 'n_estimators': 20, 'subsample': 0.5}",0.7314814814814815,0.7870370370370371,0.822429906542056,0.7850467289719626,0.7289719626168224,0.770993423329872,0.03585415304976818,115
71,0.01875019073486328,0.00039911272990091057,0.003590106964111328,0.0004888112574243273,6,20,0.6,"{'max_depth': 6, 'n_estimators': 20, 'subsample': 0.6}",0.7037037037037037,0.8240740740740741,0.794392523364486,0.7850467289719626,0.7570093457943925,0.7728452751817239,0.040666651646793964,106
72,0.019444847106933595,0.00044616072325959845,0.003191423416137695,0.0003987790722033037,6,30,0.1,"{'max_depth': 6, 'n_estimators': 30, 'subsample': 0.1}",0.7870370370370371,0.8055555555555556,0.8130841121495327,0.8037383177570093,0.7009345794392523,0.7820699203876773,0.041450187920106255,42
73,0.021742486953735353,0.0003978729533783417,0.0035898685455322266,0.0004884235819109561,6,30,0.2,"{'max_depth': 6, 'n_estimators': 30, 'subsample': 0.2}",0.75,0.7962962962962963,0.8037383177570093,0.7476635514018691,0.7476635514018691,0.7690723433714088,0.02539015723396204,143
74,0.022340869903564452,0.00048814974351329195,0.003592824935913086,0.0004902820460978121,6,30,0.3,"{'max_depth': 6, 'n_estimators': 30, 'subsample': 0.3}",0.7129629629629629,0.8055555555555556,0.8317757009345794,0.822429906542056,0.6822429906542056,0.770993423329872,0.06128443797662185,115
75,0.022739124298095704,0.0003989696930112162,0.003789997100830078,0.00039892199505124864,6,30,0.4,"{'max_depth': 6, 'n_estimators': 30, 'subsample': 0.4}",0.75,0.7870370370370371,0.7757009345794392,0.7850467289719626,0.719626168224299,0.7634821737625476,0.025590146432932434,174
76,0.025245523452758788,0.002119137376870548,0.003477668762207031,0.0004467074174288686,6,30,0.5,"{'max_depth': 6, 'n_estimators': 30, 'subsample': 0.5}",0.7222222222222222,0.7592592592592593,0.8317757009345794,0.7850467289719626,0.7476635514018691,0.7691934925579786,0.037246168942492816,134
77,0.024733972549438477,0.00039908912661986914,0.0037897586822509765,0.0007464421515833623,6,30,0.6,"{'max_depth': 6, 'n_estimators': 30, 'subsample': 0.6}",0.7314814814814815,0.7870370370370371,0.7850467289719626,0.7850467289719626,0.719626168224299,0.7616476289373486,0.029716855221573354,180
78,0.023244237899780272,0.0004020236845181652,0.0037896156311035155,0.0003988515063006004,6,40,0.1,"{'max_depth': 6, 'n_estimators': 40, 'subsample': 0.1}",0.7592592592592593,0.8240740740740741,0.822429906542056,0.8130841121495327,0.7102803738317757,0.7858255451713396,0.044628912530269925,16
79,0.025832414627075195,0.0004906184217507939,0.0037896156311035155,0.0003989696930112163,6,40,0.2,"{'max_depth': 6, 'n_estimators': 40, 'subsample': 0.2}",0.7685185185185185,0.7962962962962963,0.8037383177570093,0.794392523364486,0.7383177570093458,0.7802526825891312,0.02410450699348151,56
80,0.02733001708984375,0.0005797835260634344,0.0035905838012695312,0.0004885193311393172,6,40,0.3,"{'max_depth': 6, 'n_estimators': 40, 'subsample': 0.3}",0.7129629629629629,0.8333333333333334,0.8317757009345794,0.7850467289719626,0.7289719626168224,0.7784181377639322,0.0502711659268859,71
81,0.028425979614257812,0.0008902609941905264,0.003589916229248047,0.0004886557634753378,6,40,0.4,"{'max_depth': 6, 'n_estimators': 40, 'subsample': 0.4}",0.75,0.8148148148148148,0.7570093457943925,0.7663551401869159,0.7289719626168224,0.763430252682589,0.028488249082999555,175
82,0.02952132225036621,0.0007978559622381001,0.0033906936645507813,0.000488499866287179,6,40,0.5,"{'max_depth': 6, 'n_estimators': 40, 'subsample': 0.5}",0.7129629629629629,0.7870370370370371,0.794392523364486,0.8130841121495327,0.7663551401869159,0.7747663551401869,0.034334864022481065,92
83,0.030518770217895508,0.0013537031274644617,0.003988981246948242,0.0006303742685607862,6,40,0.6,"{'max_depth': 6, 'n_estimators': 40, 'subsample': 0.6}",0.7407407407407407,0.7870370370370371,0.794392523364486,0.7663551401869159,0.7476635514018691,0.7672377985462098,0.021049528423061126,151
84,0.027326202392578124,0.000489223481949815,0.0035905361175537108,0.0004882857063581837,6,50,0.1,"{'max_depth': 6, 'n_estimators': 50, 'subsample': 0.1}",0.8055555555555556,0.7962962962962963,0.8037383177570093,0.794392523364486,0.6822429906542056,0.7764451367255105,0.047291766224559544,86
85,0.030718421936035155,0.00039916096900201835,0.0031911849975585936,0.00039913712361859066,6,50,0.2,"{'max_depth': 6, 'n_estimators': 50, 'subsample': 0.2}",0.7314814814814815,0.7685185185185185,0.8317757009345794,0.7476635514018691,0.7289719626168224,0.7616822429906541,0.03778465207292447,179
86,0.03251714706420898,0.0004837544437830643,0.003590106964111328,0.0004886166437687896,6,50,0.3,"{'max_depth': 6, 'n_estimators': 50, 'subsample': 0.3}",0.7222222222222222,0.7777777777777778,0.822429906542056,0.7476635514018691,0.7102803738317757,0.7560747663551403,0.04046701126073352,193
87,0.0349067211151123,0.001668382899646999,0.003989267349243164,2.7804145311571603e-07,6,50,0.4,"{'max_depth': 6, 'n_estimators': 50, 'subsample': 0.4}",0.7222222222222222,0.8240740740740741,0.7850467289719626,0.7383177570093458,0.7383177570093458,0.7615957078573901,0.03764968525460183,182
88,0.03630290031433105,0.0033137750968649533,0.0033908843994140624,0.0004886362482192341,6,50,0.5,"{'max_depth': 6, 'n_estimators': 50, 'subsample': 0.5}",0.7037037037037037,0.7870370370370371,0.794392523364486,0.7757009345794392,0.7476635514018691,0.761699550017307,0.03306776367151164,177
89,0.03610692024230957,0.0011170422482229448,0.003989028930664063,4.1019083342755444e-07,6,50,0.6,"{'max_depth': 6, 'n_estimators': 50, 'subsample': 0.6}",0.7129629629629629,0.7777777777777778,0.794392523364486,0.7289719626168224,0.7102803738317757,0.7448771201107649,0.03464866735894775,209
90,0.010970830917358398,2.132480599880018e-07,0.003390932083129883,0.0004886945497105888,7,10,0.1,"{'max_depth': 7, 'n_estimators': 10, 'subsample': 0.1}",0.7314814814814815,0.7592592592592593,0.822429906542056,0.8411214953271028,0.7289719626168224,0.7766528210453444,0.04662231588049145,74
91,0.011968088150024415,3.162979879718208e-07,0.003390645980834961,0.0004888307377853883,7,10,0.2,"{'max_depth': 7, 'n_estimators': 10, 'subsample': 0.2}",0.7685185185185185,0.7870370370370371,0.8317757009345794,0.7850467289719626,0.7383177570093458,0.7821391484942887,0.030338314347315164,36
92,0.012567090988159179,0.0004884611111420816,0.0029912471771240236,4.1019083342755444e-07,7,10,0.3,"{'max_depth': 7, 'n_estimators': 10, 'subsample': 0.3}",0.7407407407407407,0.7962962962962963,0.8317757009345794,0.794392523364486,0.7383177570093458,0.7803046036690897,0.03586550462598436,51
93,0.012766027450561523,0.0003984690390133553,0.0033906936645507813,0.0004888892253703093,7,10,0.4,"{'max_depth': 7, 'n_estimators': 10, 'subsample': 0.4}",0.7314814814814815,0.7870370370370371,0.8130841121495327,0.7850467289719626,0.7289719626168224,0.7691242644513673,0.03327475607751846,141
94,0.01316518783569336,0.0003985412099703624,0.0035897254943847655,0.00048820810310272277,7,10,0.5,"{'max_depth': 7, 'n_estimators': 10, 'subsample': 0.5}",0.6851851851851852,0.7870370370370371,0.8317757009345794,0.822429906542056,0.7383177570093458,0.7729491173416407,0.05478909348489908,101
95,0.013164377212524414,0.00039882679865835296,0.0035904407501220702,0.0004886944333937081,7,10,0.6,"{'max_depth': 7, 'n_estimators': 10, 'subsample': 0.6}",0.7037037037037037,0.7685185185185185,0.8317757009345794,0.7850467289719626,0.7289719626168224,0.7636033229491173,0.044539302719619554,167
96,0.015957164764404296,0.0006307510367237353,0.0035905361175537108,0.0004886749801690862,7,20,0.1,"{'max_depth': 7, 'n_estimators': 20, 'subsample': 0.1}",0.75,0.8148148148148148,0.822429906542056,0.8411214953271028,0.719626168224299,0.7895984769816545,0.04654578660248935,2
97,0.017157363891601562,0.0003974700265735278,0.003191566467285156,0.00039882665613174943,7,20,0.2,"{'max_depth': 7, 'n_estimators': 20, 'subsample': 0.2}",0.7592592592592593,0.7870370370370371,0.8037383177570093,0.8037383177570093,0.7570093457943925,0.7821564555209415,0.020552529553967625,32
98,0.019148731231689455,0.0023937702202701475,0.0035902023315429687,0.0004885971129893826,7,20,0.3,"{'max_depth': 7, 'n_estimators': 20, 'subsample': 0.3}",0.7222222222222222,0.8148148148148148,0.822429906542056,0.8130841121495327,0.7383177570093458,0.7821737625475943,0.04279948958593762,30
99,0.018462944030761718,0.0004467358135863694,0.0036779403686523437,0.00040597078347437535,7,20,0.4,"{'max_depth': 7, 'n_estimators': 20, 'subsample': 0.4}",0.7314814814814815,0.7962962962962963,0.794392523364486,0.7663551401869159,0.7289719626168224,0.7634994807892004,0.029173507736895928,173
100,0.019149208068847658,0.0007457413416542633,0.0035903453826904297,0.0004884223249902497,7,20,0.5,"{'max_depth': 7, 'n_estimators': 20, 'subsample': 0.5}",0.7129629629629629,0.7685185185185185,0.8130841121495327,0.8037383177570093,0.7383177570093458,0.7673243336794738,0.037994477903389126,146
101,0.019429731369018554,0.0004473016044644083,0.003390979766845703,0.0004884608783971154,7,20,0.6,"{'max_depth': 7, 'n_estimators': 20, 'subsample': 0.6}",0.7129629629629629,0.7777777777777778,0.8037383177570093,0.794392523364486,0.7570093457943925,0.7691761855313256,0.03228730539261659,138
102,0.019975709915161132,0.0005220492041469609,0.0036623477935791016,0.0004153541791309268,7,30,0.1,"{'max_depth': 7, 'n_estimators': 30, 'subsample': 0.1}",0.7870370370370371,0.8055555555555556,0.8130841121495327,0.8037383177570093,0.7009345794392523,0.7820699203876773,0.041450187920106255,42
103,0.02144460678100586,0.0004457018726581611,0.003590106964111328,0.0004886167833712648,7,30,0.2,"{'max_depth': 7, 'n_estimators': 30, 'subsample': 0.2}",0.75,0.7962962962962963,0.8037383177570093,0.7757009345794392,0.7476635514018691,0.7746798200069228,0.023029039487332294,95
104,0.023137998580932618,0.0003991365824383162,0.0035905361175537108,0.0004887723548481414,7,30,0.3,"{'max_depth': 7, 'n_estimators': 30, 'subsample': 0.3}",0.7407407407407407,0.8148148148148148,0.8130841121495327,0.7850467289719626,0.6915887850467289,0.7690550363447559,0.047097708013565415,144
105,0.024335193634033202,0.0004887724013674795,0.0035902023315429687,0.000488499889559823,7,30,0.4,"{'max_depth': 7, 'n_estimators': 30, 'subsample': 0.4}",0.7407407407407407,0.7962962962962963,0.7663551401869159,0.7570093457943925,0.719626168224299,0.756005538248529,0.02564347745626376,197
106,0.024235963821411133,0.0005974775871462312,0.004088449478149414,0.0010175144802217013,7,30,0.5,"{'max_depth': 7, 'n_estimators': 30, 'subsample': 0.5}",0.7407407407407407,0.75,0.7850467289719626,0.7850467289719626,0.7383177570093458,0.7598303911388024,0.020955057417635755,183
107,0.02527918815612793,0.00043526453781381734,0.003840732574462891,0.0006972692671295937,7,30,0.6,"{'max_depth': 7, 'n_estimators': 30, 'subsample': 0.6}",0.7222222222222222,0.7407407407407407,0.7850467289719626,0.7757009345794392,0.7289719626168224,0.7505365178262374,0.025246342980683612,201
108,0.02446904182434082,0.00045168913203805493,0.003655862808227539,0.0004209689654077385,7,40,0.1,"{'max_depth': 7, 'n_estimators': 40, 'subsample': 0.1}",0.7592592592592593,0.8240740740740741,0.822429906542056,0.8130841121495327,0.7102803738317757,0.7858255451713396,0.044628912530269925,16
109,0.026332664489746093,0.0004927875082172741,0.003590250015258789,0.0004886361318884752,7,40,0.2,"{'max_depth': 7, 'n_estimators': 40, 'subsample': 0.2}",0.7592592592592593,0.7962962962962963,0.8037383177570093,0.8037383177570093,0.7383177570093458,0.780269989615784,0.026682608448521584,52
110,0.028922891616821288,0.0006304494620437541,0.003390789031982422,0.0004885193078675993,7,40,0.3,"{'max_depth': 7, 'n_estimators': 40, 'subsample': 0.3}",0.7129629629629629,0.8055555555555556,0.822429906542056,0.7757009345794392,0.7102803738317757,0.765385946694358,0.046387074040194105,162
111,0.0303192138671875,0.0004884221620558472,0.0037896156311035155,0.0003989698924769098,7,40,0.4,"{'max_depth': 7, 'n_estimators': 40, 'subsample': 0.4}",0.7222222222222222,0.7962962962962963,0.7663551401869159,0.7289719626168224,0.7383177570093458,0.7504326756663204,0.027423200819304838,203
112,0.03221588134765625,0.0031185084978671332,0.0039886474609375,7.168434323488668e-07,7,40,0.5,"{'max_depth': 7, 'n_estimators': 40, 'subsample': 0.5}",0.7129629629629629,0.7870370370370371,0.822429906542056,0.7570093457943925,0.7570093457943925,0.7672897196261681,0.03631298781381089,150
113,0.033013916015625,0.001953566563459836,0.0035907745361328123,0.000488772424627147,7,40,0.6,"{'max_depth': 7, 'n_estimators': 40, 'subsample': 0.6}",0.7129629629629629,0.7777777777777778,0.794392523364486,0.794392523364486,0.7570093457943925,0.767307026652821,0.030450630150279018,147
114,0.02821965217590332,0.00039665243790267153,0.003390979766845703,0.0004886555540883141,7,50,0.1,"{'max_depth': 7, 'n_estimators': 50, 'subsample': 0.1}",0.8055555555555556,0.7962962962962963,0.8037383177570093,0.794392523364486,0.6822429906542056,0.7764451367255105,0.047291766224559544,86
115,0.03171505928039551,0.0007463911429113379,0.003989648818969726,3.1629798797182086e-07,7,50,0.2,"{'max_depth': 7, 'n_estimators': 50, 'subsample': 0.2}",0.7592592592592593,0.7685185185185185,0.8317757009345794,0.7663551401869159,0.7289719626168224,0.7709761163032189,0.033542857255707305,124
116,0.03390974998474121,0.0006296207636659645,0.0037892341613769533,0.00039866259704279903,7,50,0.3,"{'max_depth': 7, 'n_estimators': 50, 'subsample': 0.3}",0.7129629629629629,0.8148148148148148,0.8317757009345794,0.7757009345794392,0.7289719626168224,0.7728452751817236,0.04637488759901177,108
117,0.03570427894592285,0.0007470294673492851,0.0041923046112060545,0.0009761499463872003,7,50,0.4,"{'max_depth': 7, 'n_estimators': 50, 'subsample': 0.4}",0.7407407407407407,0.7870370370370371,0.7570093457943925,0.719626168224299,0.6822429906542056,0.7373312564901349,0.035263872687523484,210
118,0.037699556350708006,0.003115619183267962,0.003989028930664063,7.893059424041199e-07,7,50,0.5,"{'max_depth': 7, 'n_estimators': 50, 'subsample': 0.5}",0.7407407407407407,0.7962962962962963,0.8037383177570093,0.8130841121495327,0.7570093457943925,0.7821737625475944,0.028177540275734565,29
119,0.03769960403442383,0.0007466460296131512,0.003988981246948242,3.9895058943465975e-07,7,50,0.6,"{'max_depth': 7, 'n_estimators': 50, 'subsample': 0.6}",0.7129629629629629,0.7777777777777778,0.7850467289719626,0.7570093457943925,0.7102803738317757,0.7486154378677743,0.03158738619230011,204
120,0.01097092628479004,4.156969970265077e-07,0.0033906936645507813,0.0004888892718785269,8,10,0.1,"{'max_depth': 8, 'n_estimators': 10, 'subsample': 0.1}",0.7314814814814815,0.7592592592592593,0.822429906542056,0.8411214953271028,0.7289719626168224,0.7766528210453444,0.04662231588049145,74
121,0.012866878509521484,0.00019617098074364272,0.0031916618347167967,0.000399017362476078,8,10,0.2,"{'max_depth': 8, 'n_estimators': 10, 'subsample': 0.2}",0.7685185185185185,0.7870370370370371,0.8317757009345794,0.7850467289719626,0.7383177570093458,0.7821391484942887,0.030338314347315164,36
122,0.012468671798706055,0.0008933272216359517,0.0035902023315429687,0.0004885000990135696,8,10,0.3,"{'max_depth': 8, 'n_estimators': 10, 'subsample': 0.3}",0.7407407407407407,0.7870370370370371,0.8317757009345794,0.794392523364486,0.7383177570093458,0.7784527518172377,0.03522532259596011,64
123,0.013844823837280274,0.0006733722850710275,0.003590250015258789,0.0004883440776354491,8,10,0.4,"{'max_depth': 8, 'n_estimators': 10, 'subsample': 0.4}",0.7314814814814815,0.7962962962962963,0.794392523364486,0.7850467289719626,0.7289719626168224,0.7672377985462098,0.030468743931332525,151
124,0.014162445068359375,0.001163538259209901,0.0033907413482666014,0.000488656112453511,8,10,0.5,"{'max_depth': 8, 'n_estimators': 10, 'subsample': 0.5}",0.7314814814814815,0.7962962962962963,0.8317757009345794,0.8317757009345794,0.7383177570093458,0.7859293873312564,0.04368680243930457,12
125,0.013364315032958984,0.0004888115132602699,0.003590106964111328,0.0004889086282145776,8,10,0.6,"{'max_depth': 8, 'n_estimators': 10, 'subsample': 0.6}",0.7037037037037037,0.7592592592592593,0.794392523364486,0.7757009345794392,0.719626168224299,0.7505365178262375,0.03400425120939119,200
126,0.01635599136352539,0.00216631694592597,0.003390932083129883,0.0004887918274561324,8,20,0.1,"{'max_depth': 8, 'n_estimators': 20, 'subsample': 0.1}",0.75,0.8148148148148148,0.822429906542056,0.8411214953271028,0.719626168224299,0.7895984769816545,0.04654578660248935,2
127,0.016954755783081053,3.568322550558034e-07,0.0037896156311035155,0.000399088955700361,8,20,0.2,"{'max_depth': 8, 'n_estimators': 20, 'subsample': 0.2}",0.7592592592592593,0.7870370370370371,0.8037383177570093,0.8037383177570093,0.7570093457943925,0.7821564555209415,0.020552529553967625,32
128,0.01795201301574707,0.0006307510367237353,0.003390979766845703,0.0004884609249461174,8,20,0.3,"{'max_depth': 8, 'n_estimators': 20, 'subsample': 0.3}",0.7314814814814815,0.7870370370370371,0.822429906542056,0.8130841121495327,0.7476635514018691,0.7803392177223953,0.03561879430864146,49
129,0.01845993995666504,0.0004460974236179221,0.00359039306640625,0.0004884611344165721,8,20,0.4,"{'max_depth': 8, 'n_estimators': 20, 'subsample': 0.4}",0.7407407407407407,0.8148148148148148,0.8037383177570093,0.7757009345794392,0.7102803738317757,0.7690550363447559,0.038980034857763975,144
130,0.01954798698425293,0.0004884612973379747,0.003191089630126953,0.00039954232435407145,8,20,0.5,"{'max_depth': 8, 'n_estimators': 20, 'subsample': 0.5}",0.7314814814814815,0.7962962962962963,0.8130841121495327,0.7850467289719626,0.7383177570093458,0.7728452751817237,0.03231440176408488,107
131,0.019747543334960937,0.0007459834173600418,0.0035900592803955076,0.0004882859159038056,8,20,0.6,"{'max_depth': 8, 'n_estimators': 20, 'subsample': 0.6}",0.7314814814814815,0.7777777777777778,0.8037383177570093,0.8037383177570093,0.7289719626168224,0.7691415714780201,0.03316725379058834,139
132,0.019459342956542967,0.00044654514449031296,0.003770923614501953,0.00026702291618385383,8,30,0.1,"{'max_depth': 8, 'n_estimators': 30, 'subsample': 0.1}",0.7870370370370371,0.8055555555555556,0.8130841121495327,0.8037383177570093,0.7009345794392523,0.7820699203876773,0.041450187920106255,42
133,0.021459484100341798,0.0004474195757497075,0.0038727760314941407,0.0002336025481371021,8,30,0.2,"{'max_depth': 8, 'n_estimators': 30, 'subsample': 0.2}",0.75,0.7962962962962963,0.8037383177570093,0.7757009345794392,0.7476635514018691,0.7746798200069228,0.023029039487332294,95
134,0.02313241958618164,0.0002384313866036316,0.0038963794708251954,0.00018627645873876822,8,30,0.3,"{'max_depth': 8, 'n_estimators': 30, 'subsample': 0.3}",0.7222222222222222,0.7962962962962963,0.822429906542056,0.794392523364486,0.7102803738317757,0.7691242644513673,0.04445379788116605,141
135,0.02513289451599121,0.0014656226020383042,0.0037320137023925783,0.0003866634087625048,8,30,0.4,"{'max_depth': 8, 'n_estimators': 30, 'subsample': 0.4}",0.7314814814814815,0.7962962962962963,0.7757009345794392,0.7850467289719626,0.719626168224299,0.7616303219106957,0.030401781351665966,181
136,0.02533559799194336,0.0003735565366130825,0.003789663314819336,0.000398993787745448,8,30,0.5,"{'max_depth': 8, 'n_estimators': 30, 'subsample': 0.5}",0.7222222222222222,0.7685185185185185,0.8130841121495327,0.7850467289719626,0.7289719626168224,0.7635687088958117,0.03418785730171828,172
137,0.026130294799804686,0.0003990650889209379,0.0037897109985351564,0.0003991365824383162,8,30,0.6,"{'max_depth': 8, 'n_estimators': 30, 'subsample': 0.6}",0.7314814814814815,0.7592592592592593,0.7757009345794392,0.8037383177570093,0.719626168224299,0.7579612322602977,0.030274338324684714,185
138,0.028523874282836915,0.00720862773080603,0.003590250015258789,0.0004884414251808379,8,40,0.1,"{'max_depth': 8, 'n_estimators': 40, 'subsample': 0.1}",0.7592592592592593,0.8240740740740741,0.822429906542056,0.8130841121495327,0.7102803738317757,0.7858255451713396,0.044628912530269925,16
139,0.026928138732910157,0.0006308264628336702,0.003989219665527344,0.0006309019267775051,8,40,0.2,"{'max_depth': 8, 'n_estimators': 40, 'subsample': 0.2}",0.7592592592592593,0.7962962962962963,0.8037383177570093,0.8037383177570093,0.7383177570093458,0.780269989615784,0.026682608448521584,52
140,0.029321908950805664,0.0004885198896602132,0.0035900592803955076,0.0004882859159038057,8,40,0.3,"{'max_depth': 8, 'n_estimators': 40, 'subsample': 0.3}",0.7222222222222222,0.7962962962962963,0.8037383177570093,0.8037383177570093,0.7383177570093458,0.7728625822083766,0.03525209796551539,103
141,0.03171563148498535,0.0031158419513841818,0.0037926673889160157,0.0004004270123910706,8,40,0.4,"{'max_depth': 8, 'n_estimators': 40, 'subsample': 0.4}",0.7129629629629629,0.7962962962962963,0.794392523364486,0.7289719626168224,0.7476635514018691,0.7560574593284872,0.03391152775845517,195
142,0.03131613731384277,0.0004884415415579695,0.003989124298095703,2.431401974483864e-07,8,40,0.5,"{'max_depth': 8, 'n_estimators': 40, 'subsample': 0.5}",0.7222222222222222,0.7592592592592593,0.8037383177570093,0.794392523364486,0.7663551401869159,0.7691934925579784,0.028779790040892598,135
143,0.032712888717651364,0.00039908995272979343,0.003694486618041992,0.0003963929084167898,8,40,0.6,"{'max_depth': 8, 'n_estimators': 40, 'subsample': 0.6}",0.7222222222222222,0.7685185185185185,0.7570093457943925,0.7570093457943925,0.7289719626168224,0.7467462789892696,0.017899984231462475,206
144,0.027725887298583985,0.00039908887024057944,0.0033911705017089845,0.0004886946195007039,8,50,0.1,"{'max_depth': 8, 'n_estimators': 50, 'subsample': 0.1}",0.8055555555555556,0.7962962962962963,0.8037383177570093,0.794392523364486,0.6822429906542056,0.7764451367255105,0.047291766224559544,86
145,0.031119537353515626,0.0009228765711781249,0.0039898395538330075,8.341243593471479e-07,8,50,0.2,"{'max_depth': 8, 'n_estimators': 50, 'subsample': 0.2}",0.7592592592592593,0.7685185185185185,0.8317757009345794,0.7663551401869159,0.7289719626168224,0.7709761163032189,0.033542857255707305,124
146,0.033311080932617185,0.0004884609249461174,0.003989124298095703,2.86102294921875e-07,8,50,0.3,"{'max_depth': 8, 'n_estimators': 50, 'subsample': 0.3}",0.7037037037037037,0.7870370370370371,0.822429906542056,0.794392523364486,0.7383177570093458,0.7691761855313257,0.042496402198840974,136
147,0.036303043365478516,0.0027925968231231136,0.0037897109985351564,0.0003990174194594779,8,50,0.4,"{'max_depth': 8, 'n_estimators': 50, 'subsample': 0.4}",0.7407407407407407,0.8240740740740741,0.794392523364486,0.7476635514018691,0.719626168224299,0.7652994115610939,0.03821273908224759,166
148,0.036901330947875975,0.0008922832775035194,0.0037897586822509765,0.00039904135746600454,8,50,0.5,"{'max_depth': 8, 'n_estimators': 50, 'subsample': 0.5}",0.7222222222222222,0.8148148148148148,0.8037383177570093,0.8130841121495327,0.7289719626168224,0.7765662859120803,0.041840931584214994,82
149,0.038899564743041994,0.0008964635158586661,0.0037895679473876954,0.00039882677015303636,8,50,0.6,"{'max_depth': 8, 'n_estimators': 50, 'subsample': 0.6}",0.7222222222222222,0.7870370370370371,0.7757009345794392,0.7757009345794392,0.7289719626168224,0.757926618206992,0.026804645502072656,187
150,0.011464071273803712,0.0006395307434720593,0.0029917240142822267,6.975526255763909e-07,9,10,0.1,"{'max_depth': 9, 'n_estimators': 10, 'subsample': 0.1}",0.7314814814814815,0.7592592592592593,0.822429906542056,0.8411214953271028,0.7289719626168224,0.7766528210453444,0.04662231588049145,74
151,0.011968517303466797,3.8738433859996607e-07,0.003390645980834961,0.0004884416113842353,9,10,0.2,"{'max_depth': 9, 'n_estimators': 10, 'subsample': 0.2}",0.7685185185185185,0.7870370370370371,0.8317757009345794,0.7850467289719626,0.7383177570093458,0.7821391484942887,0.030338314347315164,36
152,0.012766551971435548,0.0009767857055280136,0.0039560794830322266,6.485458665292468e-05,9,10,0.3,"{'max_depth': 9, 'n_estimators': 10, 'subsample': 0.3}",0.7407407407407407,0.7870370370370371,0.8317757009345794,0.794392523364486,0.7383177570093458,0.7784527518172377,0.03522532259596011,64
153,0.012566518783569337,0.0004887723548481414,0.003590297698974609,0.0004884803587669787,9,10,0.4,"{'max_depth': 9, 'n_estimators': 10, 'subsample': 0.4}",0.7314814814814815,0.7962962962962963,0.794392523364486,0.7850467289719626,0.7289719626168224,0.7672377985462098,0.030468743931332525,151
154,0.014281940460205079,0.0014691852067700852,0.0038693904876708984,0.00023977767760938035,9,10,0.5,"{'max_depth': 9, 'n_estimators': 10, 'subsample': 0.5}",0.7314814814814815,0.7777777777777778,0.8504672897196262,0.8317757009345794,0.7476635514018691,0.7878331602630668,0.04635558423305355,9
155,0.013763189315795898,0.00039899370226528265,0.003390979766845703,0.00048826638120870935,9,10,0.6,"{'max_depth': 9, 'n_estimators': 10, 'subsample': 0.6}",0.7037037037037037,0.7685185185185185,0.8037383177570093,0.794392523364486,0.719626168224299,0.7579958463136034,0.039869003926056815,184
156,0.015659904479980467,0.0006002303073119494,0.0031912803649902345,0.00039849282737495454,9,20,0.1,"{'max_depth': 9, 'n_estimators': 20, 'subsample': 0.1}",0.75,0.8148148148148148,0.822429906542056,0.8411214953271028,0.719626168224299,0.7895984769816545,0.04654578660248935,2
157,0.016856861114501954,0.0006600904402546945,0.003480386734008789,0.0004461216283820383,9,20,0.2,"{'max_depth': 9, 'n_estimators': 20, 'subsample': 0.2}",0.7592592592592593,0.7870370370370371,0.8037383177570093,0.8037383177570093,0.7570093457943925,0.7821564555209415,0.020552529553967625,32
158,0.01795220375061035,2.611744678045111e-07,0.0037897586822509765,0.0003990413289760149,9,20,0.3,"{'max_depth': 9, 'n_estimators': 20, 'subsample': 0.3}",0.7314814814814815,0.7870370370370371,0.822429906542056,0.8130841121495327,0.7383177570093458,0.7784700588438906,0.0374810025383769,61
159,0.018550395965576172,0.0004886167135700321,0.003789854049682617,0.00039861223273982184,9,20,0.4,"{'max_depth': 9, 'n_estimators': 20, 'subsample': 0.4}",0.7407407407407407,0.8425925925925926,0.8037383177570093,0.7757009345794392,0.7102803738317757,0.7746105919003116,0.0463825601992452,99
160,0.020345544815063475,0.0004886360853561638,0.0035903453826904297,0.0004887140533336281,9,20,0.5,"{'max_depth': 9, 'n_estimators': 20, 'subsample': 0.5}",0.7129629629629629,0.7777777777777778,0.7850467289719626,0.7757009345794392,0.7383177570093458,0.7579612322602977,0.027755096852383525,185
161,0.0203458309173584,0.000797796285014921,0.0037896156311035155,0.00039885048017148766,9,20,0.6,"{'max_depth': 9, 'n_estimators': 20, 'subsample': 0.6}",0.7222222222222222,0.7592592592592593,0.794392523364486,0.794392523364486,0.7476635514018691,0.7635860159224646,0.027861410339245427,168
162,0.020345783233642577,0.0013530422419710095,0.0031913280487060546,0.0003990650889209379,9,30,0.1,"{'max_depth': 9, 'n_estimators': 30, 'subsample': 0.1}",0.7870370370370371,0.8055555555555556,0.8130841121495327,0.8037383177570093,0.7009345794392523,0.7820699203876773,0.041450187920106255,42
163,0.02234373092651367,0.001856194820196646,0.003499746322631836,0.0004460384581905436,9,30,0.2,"{'max_depth': 9, 'n_estimators': 30, 'subsample': 0.2}",0.75,0.7962962962962963,0.8037383177570093,0.7757009345794392,0.7476635514018691,0.7746798200069228,0.023029039487332294,95
164,0.02273983955383301,0.0003990903230543768,0.0035898685455322266,0.0004887148907809295,9,30,0.3,"{'max_depth': 9, 'n_estimators': 30, 'subsample': 0.3}",0.7222222222222222,0.7962962962962963,0.822429906542056,0.794392523364486,0.7289719626168224,0.7728625822083766,0.0399009511450489,103
165,0.024534130096435548,0.0004892202053495717,0.003789854049682617,0.0003989697784965257,9,30,0.4,"{'max_depth': 9, 'n_estimators': 30, 'subsample': 0.4}",0.7314814814814815,0.8148148148148148,0.7757009345794392,0.7850467289719626,0.719626168224299,0.7653340256143994,0.03515569639905759,165
166,0.02672867774963379,0.00039913669637106657,0.003789663314819336,0.0003987553408326763,9,30,0.5,"{'max_depth': 9, 'n_estimators': 30, 'subsample': 0.5}",0.7407407407407407,0.7685185185185185,0.7850467289719626,0.7570093457943925,0.7383177570093458,0.7579266182069919,0.017483660775398643,188
167,0.02722902297973633,0.0009775197959460647,0.0033907413482666014,0.00048816890560348893,9,30,0.6,"{'max_depth': 9, 'n_estimators': 30, 'subsample': 0.6}",0.7407407407407407,0.7407407407407407,0.7663551401869159,0.7663551401869159,0.719626168224299,0.7467635860159223,0.017757515391994546,205
168,0.024933433532714842,0.0006306757133555823,0.0038907527923583984,0.00019633783741143047,9,40,0.1,"{'max_depth': 9, 'n_estimators': 40, 'subsample': 0.1}",0.7592592592592593,0.8240740740740741,0.822429906542056,0.8130841121495327,0.7102803738317757,0.7858255451713396,0.044628912530269925,16
169,0.027726125717163087,0.0007461491019719018,0.003390789031982422,0.0004884219525686784,9,40,0.2,"{'max_depth': 9, 'n_estimators': 40, 'subsample': 0.2}",0.7592592592592593,0.7962962962962963,0.8037383177570093,0.8037383177570093,0.7383177570093458,0.780269989615784,0.026682608448521584,52
170,0.028609418869018556,0.00040637604675899936,0.003297090530395508,0.00040194920298763687,9,40,0.3,"{'max_depth': 9, 'n_estimators': 40, 'subsample': 0.3}",0.7222222222222222,0.7962962962962963,0.8037383177570093,0.8037383177570093,0.7289719626168224,0.7709934233298719,0.0372266700643099,118
171,0.03125476837158203,0.00042435479859812946,0.003851461410522461,0.00027623186863785863,9,40,0.4,"{'max_depth': 9, 'n_estimators': 40, 'subsample': 0.4}",0.7129629629629629,0.8055555555555556,0.8037383177570093,0.7289719626168224,0.7289719626168224,0.7560401523018345,0.04011959165832182,196
172,0.032912063598632815,0.0006302233062908314,0.0035903453826904297,0.0004885192613241603,9,40,0.5,"{'max_depth': 9, 'n_estimators': 40, 'subsample': 0.5}",0.7037037037037037,0.7777777777777778,0.8130841121495327,0.7850467289719626,0.7476635514018691,0.7654551748009693,0.03723970262438792,156
173,0.033510351181030275,0.0007979990382975187,0.004188919067382812,0.00039927971899069716,9,40,0.6,"{'max_depth': 9, 'n_estimators': 40, 'subsample': 0.6}",0.7314814814814815,0.75,0.7663551401869159,0.7476635514018691,0.7289719626168224,0.7448944271374177,0.013621520587795805,207
174,0.028124618530273437,0.0007460215769966021,0.003789997100830078,0.0003990412435060334,9,50,0.1,"{'max_depth': 9, 'n_estimators': 50, 'subsample': 0.1}",0.8055555555555556,0.7962962962962963,0.8037383177570093,0.794392523364486,0.6822429906542056,0.7764451367255105,0.047291766224559544,86
175,0.03171520233154297,0.0007461107812477324,0.003789663314819336,0.0003987551127492204,9,50,0.2,"{'max_depth': 9, 'n_estimators': 50, 'subsample': 0.2}",0.7592592592592593,0.7685185185185185,0.8317757009345794,0.7663551401869159,0.7289719626168224,0.7709761163032189,0.033542857255707305,124
176,0.03451223373413086,0.0011944156181679445,0.0035908699035644533,0.000488850594116665,9,50,0.3,"{'max_depth': 9, 'n_estimators': 50, 'subsample': 0.3}",0.7037037037037037,0.7870370370370371,0.822429906542056,0.794392523364486,0.6728971962616822,0.7560920733817931,0.05743022237369192,191
177,0.03650541305541992,0.00037247723104844163,0.0037900447845458985,0.000399303550164439,9,50,0.4,"{'max_depth': 9, 'n_estimators': 50, 'subsample': 0.4}",0.7407407407407407,0.8055555555555556,0.8130841121495327,0.7476635514018691,0.7476635514018691,0.7709415022499135,0.03152758868831927,130
178,0.038297843933105466,0.0007984282094668902,0.003989219665527344,0.0006302988063749928,9,50,0.5,"{'max_depth': 9, 'n_estimators': 50, 'subsample': 0.5}",0.7407407407407407,0.7685185185185185,0.822429906542056,0.8037383177570093,0.7476635514018691,0.7766182069920388,0.03170293942804603,81
179,0.03969430923461914,0.0011631538657408131,0.0041882991790771484,0.00039935127656848176,9,50,0.6,"{'max_depth': 9, 'n_estimators': 50, 'subsample': 0.6}",0.7314814814814815,0.7592592592592593,0.7850467289719626,0.719626168224299,0.7289719626168224,0.744877120110765,0.02404359017665351,208
180,0.011369657516479493,0.0004882661949384867,0.0035900115966796876,0.0004885387765992847,10,10,0.1,"{'max_depth': 10, 'n_estimators': 10, 'subsample': 0.1}",0.7314814814814815,0.7592592592592593,0.822429906542056,0.8411214953271028,0.7289719626168224,0.7766528210453444,0.04662231588049145,74
181,0.012367153167724609,0.00048820777709087456,0.003503561019897461,0.00044677878358255865,10,10,0.2,"{'max_depth': 10, 'n_estimators': 10, 'subsample': 0.2}",0.7685185185185185,0.7870370370370371,0.8317757009345794,0.7850467289719626,0.7383177570093458,0.7821391484942887,0.030338314347315164,36
182,0.013763427734375,0.0021303885004807523,0.0031264305114746095,0.000269509247658928,10,10,0.3,"{'max_depth': 10, 'n_estimators': 10, 'subsample': 0.3}",0.7407407407407407,0.7870370370370371,0.8317757009345794,0.794392523364486,0.7383177570093458,0.7784527518172377,0.03522532259596011,64
183,0.01296858787536621,0.0006313191510450238,0.0035905361175537108,0.0004882856365096232,10,10,0.4,"{'max_depth': 10, 'n_estimators': 10, 'subsample': 0.4}",0.7314814814814815,0.7962962962962963,0.794392523364486,0.7850467289719626,0.7289719626168224,0.7672377985462098,0.030468743931332525,151
184,0.013763189315795898,0.00039887435409171316,0.0035905361175537108,0.0004885776326209085,10,10,0.5,"{'max_depth': 10, 'n_estimators': 10, 'subsample': 0.5}",0.7314814814814815,0.7962962962962963,0.8504672897196262,0.8317757009345794,0.7476635514018691,0.7915368639667705,0.04614353215111726,1
185,0.013962697982788087,2.3360154559928682e-07,0.003390932083129883,0.0004884998197418876,10,10,0.6,"{'max_depth': 10, 'n_estimators': 10, 'subsample': 0.6}",0.6944444444444444,0.7685185185185185,0.8037383177570093,0.794392523364486,0.719626168224299,0.7561439944617515,0.04247748703545277,189
186,0.016156959533691406,0.0003989696930112163,0.0035904407501220702,0.0004886944333937081,10,20,0.1,"{'max_depth': 10, 'n_estimators': 20, 'subsample': 0.1}",0.75,0.8148148148148148,0.822429906542056,0.8411214953271028,0.719626168224299,0.7895984769816545,0.04654578660248935,2
187,0.01735367774963379,0.0007979154782701719,0.003689146041870117,0.0003994257586746159,10,20,0.2,"{'max_depth': 10, 'n_estimators': 20, 'subsample': 0.2}",0.7592592592592593,0.7870370370370371,0.8037383177570093,0.8037383177570093,0.7570093457943925,0.7821564555209415,0.020552529553967625,32
188,0.01815171241760254,0.0007460471020218052,0.0037897109985351564,0.00039865974532695764,10,20,0.3,"{'max_depth': 10, 'n_estimators': 20, 'subsample': 0.3}",0.7314814814814815,0.7870370370370371,0.822429906542056,0.8130841121495327,0.7383177570093458,0.7784700588438906,0.0374810025383769,61
189,0.020943355560302735,0.0006304506485919761,0.0040913581848144535,0.00020391948736299295,10,20,0.4,"{'max_depth': 10, 'n_estimators': 20, 'subsample': 0.4}",0.7407407407407407,0.8240740740740741,0.8037383177570093,0.7757009345794392,0.719626168224299,0.7727760470751125,0.03860019487119565,110
190,0.022042560577392577,0.0006624991485898465,0.003989410400390625,3.814697265625e-07,10,20,0.5,"{'max_depth': 10, 'n_estimators': 20, 'subsample': 0.5}",0.7222222222222222,0.8148148148148148,0.7850467289719626,0.794392523364486,0.7383177570093458,0.7709588092765662,0.03496183882431318,128
191,0.023935699462890626,0.0030900055617216855,0.003390979766845703,0.0004887530024194229,10,20,0.6,"{'max_depth': 10, 'n_estimators': 20, 'subsample': 0.6}",0.7314814814814815,0.7592592592592593,0.7850467289719626,0.794392523364486,0.7476635514018691,0.7635687088958119,0.023291837364221978,171
192,0.021143436431884766,0.0007460980671698745,0.0037900447845458985,0.00039882688417429066,10,30,0.1,"{'max_depth': 10, 'n_estimators': 30, 'subsample': 0.1}",0.7870370370370371,0.8055555555555556,0.8130841121495327,0.8037383177570093,0.7009345794392523,0.7820699203876773,0.041450187920106255,42
193,0.023537635803222656,0.0007975699383798371,0.003589773178100586,0.0004888309005836067,10,30,0.2,"{'max_depth': 10, 'n_estimators': 30, 'subsample': 0.2}",0.75,0.7962962962962963,0.8037383177570093,0.7757009345794392,0.7476635514018691,0.7746798200069228,0.023029039487332294,95
194,0.025731277465820313,0.0007465313482196396,0.0035904884338378907,0.0004884414019054081,10,30,0.3,"{'max_depth': 10, 'n_estimators': 30, 'subsample': 0.3}",0.7222222222222222,0.7962962962962963,0.822429906542056,0.794392523364486,0.7289719626168224,0.7728625822083766,0.0399009511450489,103
195,0.027531147003173828,0.0007997010803433229,0.0035901546478271486,0.0004885582259392625,10,30,0.4,"{'max_depth': 10, 'n_estimators': 30, 'subsample': 0.4}",0.7314814814814815,0.8240740740740741,0.7757009345794392,0.7850467289719626,0.719626168224299,0.7671858774662512,0.0378536998541926,155
196,0.02812509536743164,0.0007466588470332896,0.0037896156311035155,0.00039873183044410534,10,30,0.5,"{'max_depth': 10, 'n_estimators': 30, 'subsample': 0.5}",0.7314814814814815,0.7777777777777778,0.794392523364486,0.7850467289719626,0.7383177570093458,0.7654032537210107,0.025548712233756474,160
197,0.027127408981323244,0.0007463784549337748,0.003989362716674804,5.352483825837052e-07,10,30,0.6,"{'max_depth': 10, 'n_estimators': 30, 'subsample': 0.6}",0.75,0.7870370370370371,0.7757009345794392,0.7757009345794392,0.7383177570093458,0.7653513326410523,0.018171273598774493,164
198,0.024933481216430665,0.002092100839415656,0.0037900447845458985,0.00039882659912109374,10,40,0.1,"{'max_depth': 10, 'n_estimators': 40, 'subsample': 0.1}",0.7592592592592593,0.8240740740740741,0.822429906542056,0.8130841121495327,0.7102803738317757,0.7858255451713396,0.044628912530269925,16
199,0.027029657363891603,0.0008010706956772242,0.0033906936645507813,0.0004883051518088699,10,40,0.2,"{'max_depth': 10, 'n_estimators': 40, 'subsample': 0.2}",0.7592592592592593,0.7962962962962963,0.8037383177570093,0.8037383177570093,0.7383177570093458,0.780269989615784,0.026682608448521584,52
200,0.028625011444091797,0.00039834749021606133,0.0036958694458007813,0.0003965091672062825,10,40,0.3,"{'max_depth': 10, 'n_estimators': 40, 'subsample': 0.3}",0.7222222222222222,0.7962962962962963,0.8037383177570093,0.8037383177570093,0.7289719626168224,0.7709934233298719,0.0372266700643099,118
201,0.03031926155090332,0.0004887726339641039,0.003988981246948242,8.395584517316346e-07,10,40,0.4,"{'max_depth': 10, 'n_estimators': 40, 'subsample': 0.4}",0.7129629629629629,0.8055555555555556,0.794392523364486,0.7289719626168224,0.719626168224299,0.7523018345448251,0.03941348448895087,199
202,0.03244867324829102,0.0005765188928908623,0.003654813766479492,0.00042233953519451125,10,40,0.5,"{'max_depth': 10, 'n_estimators': 40, 'subsample': 0.5}",0.6944444444444444,0.8055555555555556,0.8130841121495327,0.7850467289719626,0.7383177570093458,0.7672897196261682,0.04477168904796205,148
203,0.03311171531677246,0.0009773986862103255,0.0037896156311035155,0.0003987314312744371,10,40,0.6,"{'max_depth': 10, 'n_estimators': 40, 'subsample': 0.6}",0.7129629629629629,0.7777777777777778,0.8037383177570093,0.7850467289719626,0.7476635514018691,0.7654378677743164,0.031853562572206263,157
204,0.02872624397277832,0.003114131647378889,0.003531742095947266,0.00045234652288559865,10,50,0.1,"{'max_depth': 10, 'n_estimators': 50, 'subsample': 0.1}",0.8055555555555556,0.7962962962962963,0.8037383177570093,0.794392523364486,0.6822429906542056,0.7764451367255105,0.047291766224559544,86
205,0.030717849731445312,0.0011632763765717783,0.0037075042724609374,0.00039177025072440125,10,50,0.2,"{'max_depth': 10, 'n_estimators': 50, 'subsample': 0.2}",0.7592592592592593,0.7685185185185185,0.8317757009345794,0.7663551401869159,0.7289719626168224,0.7709761163032189,0.033542857255707305,124
206,0.033510684967041016,0.0007977486084267102,0.0035902023315429687,0.000488597206061424,10,50,0.3,"{'max_depth': 10, 'n_estimators': 50, 'subsample': 0.3}",0.7037037037037037,0.7870370370370371,0.822429906542056,0.794392523364486,0.6728971962616822,0.7560920733817931,0.05743022237369192,191
207,0.03620553016662598,0.0011633018642401125,0.003989076614379883,5.135693366178993e-07,10,50,0.4,"{'max_depth': 10, 'n_estimators': 50, 'subsample': 0.4}",0.7407407407407407,0.7685185185185185,0.7850467289719626,0.7476635514018691,0.7383177570093458,0.7560574593284873,0.01797449497231063,194
208,0.03869686126708984,0.0011630065385410447,0.0038907527923583984,0.0001966957034483125,10,50,0.5,"{'max_depth': 10, 'n_estimators': 50, 'subsample': 0.5}",0.7407407407407407,0.8055555555555556,0.8130841121495327,0.794392523364486,0.7383177570093458,0.7784181377639322,0.0323140124494666,71
209,0.042087221145629884,0.002631360265587091,0.003989458084106445,5.001110306597479e-07,10,50,0.6,"{'max_depth': 10, 'n_estimators': 50, 'subsample': 0.6}",0.7314814814814815,0.7777777777777778,0.7850467289719626,0.794392523364486,0.7383177570093458,0.7654032537210107,0.025548712233756474,160
